beta,lambda,gamma,mean_auroc,min_auroc,mean_recall,min_recall,mean_fpr,max_fpr
0.0,0.0,0.0,0.8296491462058062,0.5524118368721193,0.06671837483492885,0.0,0.050313784763689896,0.051343231339147685
0.25,0.0,0.0,0.8296491462058062,0.5524118368721193,0.06671837483492885,0.0,0.050313784763689896,0.051343231339147685
0.5,0.0,0.0,0.8296491462058062,0.5524118368721193,0.06671837483492885,0.0,0.050313784763689896,0.051343231339147685
0.75,0.0,0.0,0.8296491462058062,0.5524118368721193,0.06671837483492885,0.0,0.050313784763689896,0.051343231339147685
1.0,0.0,0.0,0.8296491462058062,0.5524118368721193,0.06671837483492885,0.0,0.050313784763689896,0.051343231339147685
0.75,0.0,0.25,0.8410474741511527,0.5056781330413881,0.06671837483492885,0.0,0.050313784763689896,0.051343231339147685
1.0,0.0,0.25,0.8361913890330548,0.5015499061393736,0.06671837483492885,0.0,0.050313784763689896,0.051343231339147685
0.5,0.0,0.25,0.8451933517700123,0.500789141342569,0.06671837483492885,0.0,0.050313784763689896,0.051343231339147685
0.25,0.0,0.25,0.8473559214793444,0.49787945905571207,0.06671837483492885,0.0,0.050313784763689896,0.051343231339147685
0.0,0.0,0.25,0.8471634197575512,0.4945950242972451,0.06671837483492885,0.0,0.050313784763689896,0.051343231339147685
0.0,0.25,0.0,0.8664424482081726,0.48731962151302366,0.21973131154480377,0.0,0.05050519555653184,0.054190813345824665
0.25,0.25,0.0,0.8664424482081726,0.48731962151302366,0.21973131154480377,0.0,0.05050519555653184,0.054190813345824665
0.5,0.25,0.0,0.8664424482081726,0.48731962151302366,0.21973131154480377,0.0,0.05050519555653184,0.054190813345824665
0.75,0.25,0.0,0.8664424482081726,0.48731962151302366,0.21973131154480377,0.0,0.05050519555653184,0.054190813345824665
1.0,0.25,0.0,0.8664424482081726,0.48731962151302366,0.21973131154480377,0.0,0.05050519555653184,0.054190813345824665
0.0,0.0,0.5,0.858307947339962,0.4814795115175155,0.06671837483492885,0.0,0.050313784763689896,0.051343231339147685
0.25,0.0,0.5,0.8592301980972772,0.47695630219380447,0.06671837483492885,0.0,0.050313784763689896,0.051343231339147685
0.0,0.25,0.25,0.8791573427570667,0.4678033187078884,0.38771309024060957,0.0,0.05017356566066171,0.054243842418649615
0.25,0.25,0.25,0.879256847390337,0.46609666053113374,0.3675372405723415,0.0,0.05014741146546152,0.053914266253597874
0.5,0.25,0.25,0.8768117093417385,0.464125262133782,0.35418571539319654,0.0,0.050330471351995656,0.05399551779502275
0.0,0.0,0.75,0.861133897972568,0.46294676995137174,0.06671837483492885,0.0,0.050313784763689896,0.051343231339147685
0.0,0.25,0.5,0.8903926125128414,0.45901605131288115,0.5785258017488938,0.0,0.05028358900683272,0.053462890448135535
0.0,0.0,1.0,0.8691606739477769,0.4565638273489559,0.7065080952439592,0.0,0.09914545383993728,0.10110258728816031
0.0,0.5,0.0,0.9014102561392955,0.4563292723050614,0.7056257590659368,0.0,0.04994234576251762,0.05154158037511303
0.25,0.5,0.0,0.9014102561392955,0.4563292723050614,0.7056257590659368,0.0,0.04994234576251762,0.05154158037511303
0.5,0.5,0.0,0.9014102561392955,0.4563292723050614,0.7056257590659368,0.0,0.04994234576251762,0.05154158037511303
0.75,0.5,0.0,0.9014102561392955,0.4563292723050614,0.7056257590659368,0.0,0.04994234576251762,0.05154158037511303
1.0,0.5,0.0,0.9014102561392955,0.4563292723050614,0.7056257590659368,0.0,0.04994234576251762,0.05154158037511303
0.0,0.75,1.0,0.8932022480167408,0.45573369235914973,0.7042186715619223,0.0,0.049818423324312064,0.0508557994419177
0.0,0.75,0.75,0.9042193236692861,0.45567477943179646,0.7065026995586519,0.0,0.04981599267557223,0.05073378768240164
0.0,0.75,0.5,0.9043063705942455,0.45557838977277,0.707790115468141,0.0,0.049783898011871476,0.05074154637136642
0.0,0.75,0.25,0.9044212092288852,0.45544704476632464,0.7108953877123336,0.0,0.04974047335755929,0.05053501197460066
0.0,0.75,0.0,0.9045334873594186,0.4553032022505331,0.714817061916326,0.0,0.04976785908165725,0.05137240031502494
0.25,0.75,0.0,0.9045334873594186,0.4553032022505331,0.714817061916326,0.0,0.04976785908165725,0.05137240031502494
0.5,0.75,0.0,0.9045334873594186,0.4553032022505331,0.714817061916326,0.0,0.04976785908165725,0.05137240031502494
0.75,0.75,0.0,0.9045334873594186,0.4553032022505331,0.714817061916326,0.0,0.04976785908165725,0.05137240031502494
1.0,0.75,0.0,0.9045334873594186,0.4553032022505331,0.714817061916326,0.0,0.04976785908165725,0.05137240031502494
0.25,0.0,0.75,0.8641253652756793,0.45525262676277556,0.06671837483492885,0.0,0.050313784763689896,0.051343231339147685
0.0,0.25,0.75,0.8991179155614857,0.45497241174473146,0.7032955969692438,0.0,0.04983230232098899,0.051391524351676154
0.5,0.0,0.5,0.8534120975811641,0.4529384784884223,0.06671837483492885,0.0,0.050313784763689896,0.051343231339147685
0.0,0.5,0.25,0.9015354037378926,0.4506356025298709,0.7134595038912424,0.0,0.049960936414906496,0.05272000700055421
0.0,0.25,1.0,0.8880122869618623,0.4500294802975471,0.7042186715619223,0.0,0.049818423324312064,0.0508557994419177
0.75,0.25,0.25,0.8720484904226458,0.44756260898128597,0.3473118849263616,0.0,0.0503161733441881,0.054564629885966644
0.0,0.5,0.5,0.9011475173086065,0.4463162629800395,0.7157219948737719,0.0,0.04972219616349798,0.05057900417116355
0.25,0.25,0.5,0.8889247313477698,0.4460715390070031,0.5327501385839535,0.0,0.050192400301176575,0.05402851932414914
0.0,0.5,0.75,0.900773026338505,0.4440420615699048,0.7079688100305548,0.0,0.04976670504163916,0.05068441983609079
0.0,0.5,1.0,0.8895679111105792,0.44277983551373945,0.7042186715619223,0.0,0.049818423324312064,0.0508557994419177
0.25,0.5,0.25,0.9022296436458734,0.44012794243196596,0.7238204199418925,0.0,0.049938744915744994,0.05180389676427181
1.0,0.25,0.25,0.862444623474374,0.430451232580603,0.25763704039667873,0.0,0.05106654253272445,0.053988970184342934
0.25,0.0,1.0,0.8692841354755728,0.42610104206707367,0.2766520652486981,0.0,0.05112421155035866,0.056445206338587614
0.5,0.5,0.25,0.8995921527044679,0.42308395029740653,0.721283496177638,0.0,0.049978213294009706,0.051775991864171346
0.75,0.0,0.5,0.8445270856945678,0.4207551721389603,0.06671837483492885,0.0,0.050313784763689896,0.051343231339147685
0.25,0.25,0.75,0.8948572069816276,0.4195239592763139,0.6589763207530469,0.0,0.05030412273991223,0.052544926889161736
0.25,0.75,0.25,0.9021427043356292,0.41675933141985355,0.7112370909313677,0.0,0.04978212595047714,0.05042793911437596
0.25,0.5,0.5,0.9005007942460758,0.40589213054798945,0.7227313335714028,0.0,0.049840332364918485,0.051271759278616325
0.75,0.5,0.25,0.8958340546776761,0.39784334690320833,0.7138657983159943,0.0,0.05006142407573375,0.05139772544058737
0.5,0.25,0.5,0.88307123214156,0.3976302978991399,0.5073189756690677,0.0,0.050115390914936886,0.053962604091138795
1.0,0.0,0.5,0.8311151963132184,0.38788152229734113,0.06671837483492885,0.0,0.050313784763689896,0.051343231339147685
0.0,1.0,0.0,0.8903226629750869,0.38447765635936465,0.7042186715619223,0.0,0.049818423324312064,0.0508557994419177
0.0,1.0,0.25,0.8903226629750869,0.38447765635936465,0.7042186715619223,0.0,0.049818423324312064,0.0508557994419177
0.0,1.0,0.5,0.8903226629750869,0.38447765635936465,0.7042186715619223,0.0,0.049818423324312064,0.0508557994419177
0.0,1.0,0.75,0.8903226629750869,0.38447765635936465,0.7042186715619223,0.0,0.049818423324312064,0.0508557994419177
0.0,1.0,1.0,0.8903226629750869,0.38447765635936465,0.7042186715619223,0.0,0.049818423324312064,0.0508557994419177
0.25,1.0,0.0,0.8903226629750869,0.38447765635936465,0.7042186715619223,0.0,0.049818423324312064,0.0508557994419177
0.5,1.0,0.0,0.8903226629750869,0.38447765635936465,0.7042186715619223,0.0,0.049818423324312064,0.0508557994419177
0.75,1.0,0.0,0.8903226629750869,0.38447765635936465,0.7042186715619223,0.0,0.049818423324312064,0.0508557994419177
1.0,1.0,0.0,0.8903226629750869,0.38447765635936465,0.7042186715619223,0.0,0.049818423324312064,0.0508557994419177
0.5,0.0,0.75,0.8550066554710651,0.37229355109721607,0.06671837483492885,0.0,0.050313784763689896,0.051343231339147685
1.0,0.5,0.25,0.8910217760365162,0.3674794537118518,0.6765190275537072,0.0,0.05023117697695525,0.05437734866242512
0.25,0.25,1.0,0.8938432284830575,0.36645621859557864,0.6958822619040922,0.0,0.05055132272841174,0.05457888405203954
0.5,0.75,0.25,0.8965898761344008,0.36460439278594964,0.7149858736644805,0.0,0.049738531260286725,0.05039226608784894
0.75,0.0,0.75,0.842975261721312,0.3458521786008775,0.06671837483492885,0.0,0.050313784763689896,0.051343231339147685
0.75,0.25,0.5,0.8724153104740493,0.34320513073696646,0.4929185471512623,0.0,0.05002353269764602,0.051343231339147685
0.25,0.75,0.5,0.8969895433649724,0.33876866046857085,0.7080414737300593,0.0,0.04979130936066918,0.050921714674928044
0.25,0.5,0.75,0.8959904031051333,0.3346128169758376,0.7281083662392941,0.0,0.04982952918395379,0.05116583740993157
0.5,0.5,0.5,0.8934006305961866,0.33294157668020924,0.7213110058499181,0.0,0.049904804094836615,0.0511546877395437
0.5,0.25,0.75,0.8821781918153049,0.32728884677831666,0.5526372588075595,0.0,0.05022459631632883,0.05407246281282271
0.25,1.0,0.25,0.8817852421777967,0.32724628688402335,0.7042186715619223,0.0,0.049818423324312064,0.0508557994419177
0.5,0.0,1.0,0.8574153190777706,0.3266559057197457,0.2766520652486981,0.0,0.05112421155035866,0.056445206338587614
0.75,0.75,0.25,0.8920804927249169,0.3251914622096504,0.7154900092696462,0.0,0.049747012376620596,0.05038128977199448
1.0,0.0,0.75,0.8222578943502687,0.3230870345376594,0.06671837483492885,0.0,0.050313784763689896,0.051343231339147685
1.0,0.25,0.5,0.8509684455236363,0.3100919498427633,0.3502431566378224,0.0,0.05038466469124364,0.05343819373746299
0.25,0.5,1.0,0.8901877158094844,0.29922357038335734,0.7280866101882139,0.0,0.05200762582495255,0.07001720969576758
0.75,0.0,1.0,0.8426411867947398,0.29235016308800355,0.2766520652486981,0.0,0.05112421155035866,0.056445206338587614
1.0,0.75,0.25,0.8877842035022783,0.2884557859711928,0.7161147959521829,0.0,0.049741952744010345,0.05039501016681256
0.75,0.5,0.5,0.8849028749740915,0.28459007177652035,0.6924192063880544,0.0,0.05024929194479584,0.05444246009599286
0.5,0.25,1.0,0.876759728196485,0.2824275178294239,0.5692472942070783,0.0,0.050353127004622376,0.05419111023224134
1.0,0.0,1.0,0.8118001945482837,0.28131256072142136,0.2904530255107604,0.0,0.0699104190930255,0.0747119412437916
0.25,0.75,0.75,0.8892527118378531,0.27570560428441077,0.7058265999615194,0.0,0.04982655734890003,0.05119416430470415
0.75,0.25,0.75,0.8687323677136126,0.273333276354961,0.5343640644912891,0.0,0.050106745266789335,0.051835651622711094
0.5,0.5,0.75,0.8872380130156575,0.26639541802183314,0.7213492671213552,0.0,0.04987587951256921,0.05097295085016929
0.5,0.75,0.5,0.8876149981401931,0.2620399924257775,0.716252890685004,0.0,0.04975471225181342,0.05042725502598256
0.25,1.0,0.5,0.874930161997794,0.26028960900769305,0.7042186715619223,0.0,0.049818423324312064,0.0508557994419177
0.5,1.0,0.25,0.874930161997794,0.26028960900769305,0.7042186715619223,0.0,0.049818423324312064,0.0508557994419177
1.0,0.5,0.5,0.8747186973630313,0.25444106358996676,0.5748132962821206,0.0,0.05015963336611127,0.052245261171034486
1.0,0.25,0.75,0.8427054168973347,0.24888842182958051,0.40758292581356204,0.0,0.05034738932600859,0.05486976052270805
0.25,0.75,1.0,0.8853989589903929,0.23753782145803215,0.704762591761434,0.0,0.049827466755824106,0.05138751565486784
0.25,1.0,0.75,0.8706746281914131,0.22842892246544616,0.7042186715619223,0.0,0.049818423324312064,0.0508557994419177
0.75,1.0,0.25,0.8706746281914131,0.22842892246544616,0.7042186715619223,0.0,0.049818423324312064,0.0508557994419177
0.75,0.25,1.0,0.8605601187930734,0.2272877156711502,0.5554674371418324,0.0,0.050304324711865314,0.053353127289590886
0.75,0.75,0.5,0.8812433466565626,0.22716639952601833,0.7172858203133984,0.0,0.04974939698094916,0.050511915526645856
0.5,0.5,1.0,0.8792374444595245,0.21741673193404693,0.7196905574019427,0.0,0.0499202807518667,0.051115663893186156
1.0,0.25,1.0,0.8247284675032098,0.21506534965780802,0.2884242905091604,0.0,0.050860264705004335,0.054231623073011624
0.75,0.5,0.75,0.8744253639068317,0.21202144962643332,0.626695948116436,0.0,0.050134747438996076,0.05361545053061763
0.25,1.0,1.0,0.8672090366499597,0.21062323051226695,0.7042186715619223,0.0,0.049818423324312064,0.0508557994419177
0.5,1.0,0.5,0.8672090366499597,0.21062323051226695,0.7042186715619223,0.0,0.049818423324312064,0.0508557994419177
1.0,1.0,0.25,0.8672090366499597,0.21062323051226695,0.7042186715619223,0.0,0.049818423324312064,0.0508557994419177
1.0,0.75,0.5,0.8759733025835159,0.20998141819016816,0.7172078700411275,0.0,0.049840731457953515,0.05138115100778812
0.5,0.75,0.75,0.8785832768216068,0.2071958028451119,0.7173657956112329,0.0,0.04976942333787511,0.05043035557043817
1.0,0.5,0.75,0.8542745243616002,0.20423216247688214,0.5139115702439527,0.0,0.049994094873714576,0.05218329784441268
0.75,0.75,0.75,0.8724799126847362,0.19063401362598476,0.7181075340027995,0.0,0.049825907944174644,0.05152991278476213
1.0,0.75,1.0,0.8232154539719799,0.1901009031868552,0.2884242905091604,0.0,0.050860264705004335,0.054231623073011624
1.0,0.5,1.0,0.8261358763847353,0.1876858992636733,0.2884242905091604,0.0,0.050860264705004335,0.054231623073011624
1.0,1.0,1.0,0.8211728540929835,0.18731634195129487,0.7182803205044215,0.0,0.09888150699458295,0.10177227121082462
0.5,1.0,0.75,0.8610233203363636,0.18515790432166937,0.7042186715619223,0.0,0.049818423324312064,0.0508557994419177
0.75,1.0,0.5,0.8610233203363636,0.18515790432166937,0.7042186715619223,0.0,0.049818423324312064,0.0508557994419177
0.75,0.5,1.0,0.8611514495539195,0.18408025227517355,0.5953481417731171,0.0,0.050101995404617905,0.054008417829438084
1.0,0.75,0.75,0.864863554619483,0.1789616145651386,0.6738706359321932,0.0,0.050284385189975946,0.056186144618021225
0.5,1.0,1.0,0.8554451588213052,0.16820524713907295,0.7042186715619223,0.0,0.049818423324312064,0.0508557994419177
1.0,1.0,0.5,0.8554451588213052,0.16820524713907295,0.7042186715619223,0.0,0.049818423324312064,0.0508557994419177
0.5,0.75,1.0,0.872726780814941,0.1671361873830761,0.718173210172319,0.0,0.049773508028029975,0.050584837966339
0.75,1.0,0.75,0.8531633768312478,0.16255419640806787,0.7042186715619223,0.0,0.049818423324312064,0.0508557994419177
0.75,0.75,1.0,0.8659731345726589,0.15741932823092875,0.7185392976897857,0.0,0.0499010053691424,0.05224455269375492
0.75,1.0,1.0,0.8464264222313226,0.15679941264925878,0.7042186715619223,0.0,0.049818423324312064,0.0508557994419177
1.0,1.0,0.75,0.846426422313226,0.15679941264925878,0.7042186715619223,0.0,0.049818423324312064,0.0508557994419177
